Ans,Msg
"Зайдите в Личный кабинет и выберите «Тариф» или наберите бесплатную команду *105*3#","Как узнать, какой у меня тариф?"
"Выберите тариф под ваши интересы. На странице понравившегося тарифа нажмите кнопку «Перейти на тариф», на экране появятся способы перехода.\nВыберите новый тариф и перейдите на него в Личном кабинете.\nНаберите команду *105*3# и следуйте инструкциям на экране.\nВы можете перейти на любой тариф, кроме архивного. Узнайте стоимость перехода на странице выбранного тарифа.\nПри смене тарифа подключённые в рамках текущего тарифа пакеты минут, SMS и интернета «сгорят» и не будут действовать на новом тарифе, ранее списанная абонентская плата не пересчитывается.","Как сменить тариф?"
"Если закончились деньги на счёте и номер заблокирован, пополните свой баланс. Номер активируется после погашения долга.\nЕсли вы не пользовались номером более 90 дней, он может быть заблокирован. Чтобы восстановить номер, обратитесь с паспортом в салон МегаФона. Если номер за это время не передали другому абоненту, вы получите новую SIM-карту с прежним номером.\nУзнайте, можно ли восстановить номер, отправив бесплатное SMS на номер 0500 с номера МегаФона. В сообщении укажите номер, который хотите восстановить, ФИО владельца номера.\nЕсли номер заблокирован после потери SIM-карты, вы можете получить бесплатно новую SIM-карту с прежним номером, обратившись с паспортом в салон МегаФона.\nЕсли вы установили блокировку, то номер разблокируется автоматически в выбранный вами день окончания блокировки. Чтобы разблокировать номер раньше, снимите блокировку номера в Личном кабинете или обратитесь в ближайший салон МегаФона с паспортом.","Как разблокировать номер?"
"Вы можете бесплатно получить новую SIM-карту и продолжать пользоваться своим номером. Тариф и все условия обслуживания остаются прежними, заключать новый договор об оказании услуг связи не нужно.\nОбратитесь с паспортом в любой салон МегаФона в Домашнем регионе, на территории которого заключён договор. Чтобы узнать адрес ближайшего салона, наберите команду *123#.","Как получить новую SIM-карту, сохранив свой номер телефона?"
"Зайдите с устройства с SIM-картой МегаФона в Личный кабинет. Ваш номер телефона будет виден в верхней части экрана. Чтобы получить пароль от Личного кабинета для SIM-карты, используемой в модеме или роутере, переставьте SIM-карту в телефон и наберите команду *105*00#\nНаберите бесплатную команду: *205#. Номер отобразится на экране.","Как узнать свой номер телефона?"
"Номер остаётся вашим до тех пор, пока баланс положительный. Если вы не пользуетесь номером и не подключаете услугу блокировка, то не реже, чем раз в 90 дней вам нужно воспользоваться услугами связи (кроме входящих SMS и мобильных платежей/переводов). Если вы не пользуетесь услугами связи дольше 90 календарных дней подряд на тарифах для звонков и дольше 180 календарных дней подряд на тарифах для интернета, начинает ежедневно списываться абонентская плата за сохранение номера.\nРазмер абонентской платы за сохранение номера, условия её списания и срок, в конце которого договор об оказании услуг связи будет расторгнут и номер может перейти к другому абоненту, указан в описании вашего тарифа. Если вашего тарифа нет в разделе Все тарифы, найдите его в списке архивных тарифов.","Как сохранить за собой номер?"
"Исходящие звонки\nВходящие звонки\nОтправка SMS\nОтправка и приём MMS\nВыход в интернет\nТаким образом, если вы отвечаете на входящие звонки, то пользуетесь услугами связи.\nЕсли вы не пользуетесь услугами связи более 90 дней при нулевом или отрицательном балансе Лицевого счёта, договор считается расторгнутым по вашей инициативе. Если номер не был передан другому человеку, его можно восстановить, заполнив заявление в салоне МегаФона.\nЕсли вы планируете долгое время (более 90 дней) не пользоваться мобильной связью, заблокируйте свой номер.","Что считается использованием услуг связи?"
"Воспользуйтесь услугой Телефонные коды мобильных операторов. Введите интересующий мобильный номер в строке поиска и нажмите кнопку «Проверить». Под строкой поиска отобразятся названия оператора связи и регион.Наберите команду *629#. Введите в любом формате мобильный номер, который нужно проверить. Информация об операторе и регионе отобразится на экране.","Как узнать оператора и регион мобильного номера?"
"Обратитесь в ближайший салон МегаФона вместе с человеком, на которого будет переоформлен договор, и заполните заявление.","Как переоформить договор на другого человека?"
"Обратитесь в салон МегаФона, и консультант поможет вам подобрать номер из списка доступных.\nСтоимость смены номера и особенности предоставления услуги в вашем филиале указаны в описании услуги Смена абонентского номера.\nЗа дополнительную плату вы можете выбрать «красивый» запоминающийся номер, подробнее в описании услуги Выбор номера.","Как поменять номер телефона, не покупая новую SIM-карту?"
"Вы можете выбрать номер при заключении договора на оказание услуг связи или заменить свой номер телефона.\nПодберите красивый, легко запоминающийся номер в интернет-магазине или обратитесь в салон МегаФона.\nСтоимость выбора номера зависит от класса номера – Простой, Бронзовый, Серебряный, Золотой, Платиновый и типа нумерации – федеральная или городская. Подробнее о стоимости номера в описании услуги Выбор номера.\nОбратите внимание:\nВ интернет-магазине нельзя выбрать номер на замену прежнему с сохранением всех данных, возможно только подключение новой SIM-карты с новым номером.\nВ рамках одного заказа можно забронировать от одного до пяти номеров. Номер интернет-магазина 8 800 550-58-58, звонок на территории России бесплатный.","Можно ли выбрать красивый и запоминающийся номер?"
"Воспользуйтесь услугой Ваш новый номер.\nУслуга работает в двух режимах:\nодносторонний: звонивший услышит сообщение «Аппарат абонента выключен или находится вне зоны действия сети»;\nдвусторонний режим: звонившему придёт SMS с вашим новым номером.\nПри любом выбранном режиме вам придёт SMS с номером человека, который звонил на ваш прежний номер.\nУслуга не работает, если баланс на старом номере отрицательный или нулевой, а также если старая SIM-карта заблокирована.","Как сообщить знакомым, что мой номер телефона изменился?"
"Чтобы проверить список услуг:\nЗайдите в Личный кабинет и выберите Услуги и опции. Во вкладке «Мои» вы увидите список услуг, подключённых на вашем номере.\nНаберите на телефоне бесплатную команду *583#. Вы получите SMS с информацией о действующих на номере платных услугах.","Какие услуги подключены на моём номере?"
"Чтобы узнать о последних расходах, воспользуйтесь любым удобным способом:\nЗайдите в Личный кабинет и перейдите в раздел «Расходы, пополнения и детализация». Во вкладке «Расходы» указана информация о расходах за текущий месяц. Отчёт о расходах за другой период вы можете получить, заказав детализацию или счёт.\nНаберите бесплатную команду *512# и вы получите SMS с информацией о последних списаниях со счёта.","Как узнать, за что были списаны деньги со счёта?"
"Воспользуйтесь любым удобным способом:\nЗайдите в раздел Остатки по пакетам услуг в Личном кабинете.\nОткройте приложение МегаФон.\nНастройте виджет.\nВиджет — элемент приложения «МегаФон» Личный кабинет. Не обязательно заходить в приложение — остатки минут, SMS, мегабайт, баланс Лицевого счёта и бонусы будут отображаться на экране вашего смартфона.\nДля работы виджета установите на смартфон/планшет приложение «МегаФон» Личный кабинет. Для ОС Android приложение должно быть установлено в памяти смартфона, а не в памяти SD. Зайдите в настройки вашего смартфона и активируйте виджет.\nВнешний вид виджета и количество остатков, которые одновременно будут отображаться на экране смартфона, отличаются в зависимости от ОС.","Как узнать, сколько у меня осталось минут / SMS / мегабайт по тарифу или опции?"
"Список команд для управления услугами представлен на странице Полезные команды.","Где посмотреть команды для управления тарифами и услугами?"
"Воспользуйтесь любым доступным способом:\nЗайдите в Личный кабинет и в разделе «Услуги» выберите Услуги и опции. В подразделе «Мои» отобразится список подключённых услуг с возможностью их отключения. В подразделе «Все доступные» — услуги, доступные для подключения.\nНаберите бесплатную команду *105#, и на экране вашего устройства появится меню. Для перемещения по меню введите номер нужного пункта и нажмите кнопку «Вызов». Далее отобразится меню, где также можно выбирать пункты и управлять услугами.","Как легко управлять мобильным счётом, услугами и опциями?"
"Воспользуйтесь услугой Мобильный перевод:\n*133*сумма перевода*номер абонента#.\nЗа каждый перевод списывается комиссия. Размер комиссии за перевод указывается при каждом платеже.","Как перевести другому абоненту деньги со своего мобильного счёта?"
"Мобильный интернет — это современный и быстрый доступ к глобальной сети с помощью обычной SIM-карты МегаФона и мобильного устройства. Это может быть недорогой компактный телефон, новейший смартфон, планшет или ноутбук. Мобильный интернет подключён на всех номерах МегаФона по умолчанию.","Что такое мобильный интернет?"
"Если не работает мобильный интернет на смартфоне / планшете:\nПроверьте баланс и при необходимости пополните его. Чтобы проверить баланс, наберите команду *100# или зайдите в Личный кабинет. Интернет работает только при положительном балансе. Если вы недавно пополнили счёт, подождите несколько минут, чтобы интернет заработал снова.\nПроверьте остаток по пакету интернета. Откройте приложение МегаФон или зайдите в Личный кабинет и в блоке «Услуги» выберите Остатки по пакетам услуг. Если включённый объём интернета закончился, подключите одну из опций для продления интернета.\nПерезагрузите устройство (выключите и включите).\nУбедитесь, что у вас включён режим «Передача данных». Проверить это можно в настройках смартфона или планшета в разделе «Передача данных», «Соединение для передачи данных» или «Мобильная сеть» (название может отличаться в разных устройствах).\nОтключите Wi-Fi на смартфоне / планшете (при использовании роутера от МегаФона Wi-Fi должен оставаться включённым).\nПроверьте, подключена ли у вас услуга «Мобильный интернет». Для этого зайдите в Личный кабинет и в блоке «Услуги» выберите Услуги и опции или наберите на своём смартфоне/планшете бесплатный запрос *105*15# и выберите нужный пункт в меню на экране устройства.\nПереставьте SIM-карту в другое устройство. Если в другом устройстве мобильный интернет тоже не работает, обратитесь в ближайший салон МегаФона с документом, удостоверяющим личность, чтобы заменить SIM-карту. При замене SIM-карты номер телефона не изменится, услуга предоставляется бесплатно. Для поиска ближайшего салона МегаФона вы также можете воспользоваться командой *123#.\nЕсли в другом устройстве мобильный интернет работает, проверьте настройки точки доступа вашего устройства:\nЗайдите в настройки\niOS: Настройки → Сотовая связь → Сотовая сеть передачи данных.\nAndroid: Настройки → Беспроводные сети → Мобильная сеть → Точки доступа (APN).\nWindows Phone: Настройки → Передача данных → Добавить точку интернет-доступа.\nВведите данные:\nИмя настроек: может использоваться любое\nAPN: internet\nИмя пользователя / Username / Login: gdata или оставить пустое поле\nПароль / Password / Pass: gdata или оставить пустое поле\nТип APN: default\nMCC: 250\nMNC: 02\nБолее подробную информацию о настройках вашего устройства вы найдёте в инструкции к нему или на сайте его производителя.\nЕсли не работает мобильный интернет через модем / роутер:\nПроверьте баланс и при необходимости пополните его. Интернет работает только при положительном балансе. Чтобы проверить баланс, зайдите в Личный кабинет. Баланс отображается в верхней части страницы (справа) и на главной странице в блоке «Счёт». Если вы недавно пополнили счёт, подождите несколько минут, чтобы интернет заработал снова.\nПроверьте остаток по пакету интернета. Зайдите в Личный кабинет и в блоке «Услуги» выберите Остатки по пакетам услуг. Если включённый объём интернета закончился, подключите одну из опций для продления интернета.\nПерезагрузите устройство (выключите и включите).\nПереставьте SIM-карту в другое устройство (например, в смартфон). Если в другом устройстве мобильный интернет тоже не работает, обратитесь в ближайший салон МегаФона с документом, удостоверяющим личность, чтобы заменить SIM-карту. При замене SIM-карты номер телефона не изменится, услуга предоставляется бесплатно. Для поиска ближайшего салона МегаФона вы также можете воспользоваться командой *123#.\nЕсли в другом устройстве интернет работает, проверьте настройки точки доступа вашего устройства — APN: internet\nПереустановите приложение Megafon Internet.\nПопробуйте подключить модем / роутер к другому USB-порту компьютера.\nОтключите Wi-Fi на компьютере. На устройстве с SIM-картой МегаФона Wi-Fi должен оставаться включённым.\nОбновите ПО вашего модема / роутера. Последние версии программного обеспечения вы можете бесплатно скачать в интернет-магазине МегаФона. Найдите свой модем или роутер в каталоге и перейдите на вкладку «Файлы».","Что делать, если не работает мобильный интернет?"
"Когда вы устанавливаете в смартфон или планшет новую SIM-карту, настройки мобильного интернета задаются автоматически.\nПри необходимости проверьте настройки:\nЗайдите в настройки:\niOS: Настройки → Сотовая связь → Сотовая сеть передачи данных.\nAndroid: Настройки → Беспроводные сети → Мобильная сеть → Точки доступа (APN).\nWindows Phone: Настройки → Передача данных → Добавить точку интернет-доступа.\nВведите данные:\nИмя настроек: может использоваться любое\nAPN: internet\nИмя пользователя / Username / Login: gdata или оставить пустое поле\nПароль / Password / Pass: gdata или оставить пустое поле\nТип APN: default\nMCC: 250\nMNC: 02\nВключите режим «Передача данных»:\niOS: Настройки → Сотовая связь → Голос и данные → 2G/3G/LTE.\nAndroid: Настройки → Беспроводные сети → Мобильная сеть.\nWindows Phone: Настройки → Передача данных.","Как настроить мобильный интернет на смартфоне / планшете, использующих ОС iOS, Android или Windows Phone?"
"Показатели скорости мобильного интернета:\nТип сети	2G	3G	4G+\nСкорость передачи	до 384\nКбит/с	до 21,6\nМбит/с	до 300\nМбит/с*\nСтандарты	GPRS, EDGE	HSPA (HSDPA+\nHSUPA)	LTE\n* Средняя скорость скачивания в сети 4G+ — 20 Мбит/с. Пиковая скорость скачивания доходит до 300 Мбит/с. Подробная информация о скорости размещена в разделе Интернет 4G+.\nТехнические показатели и нормы, характеризующие качество телематических услуг связи и услуг связи по передаче данных, протоколы передачи данных, абонентские интерфейсы.\nФакторы, влияющие на скорость:\nСкорость передачи данных зависит от характеристик устройства, особенностей рельефа местности, материала стен здания, погодных условий и загруженности сети.","С какой скоростью происходит передача данных?"
"Проверьте остаток по пакету интернета. Откройте приложение МегаФон или зайдите в Личный кабинет и в блоке «Услуги» выберите Остатки по пакетам услуг. Если включённый объём интернета закончился, подключите одну из опций для продления интернета.\nПерезагрузите устройство (выключите и включите).\nЕсли вы пользуетесь устройством с двумя слотами для SIM-карт, вставьте SIM-карту в 1-й слот, т.к. в большинстве устройств только 1-й слот поддерживает сеть 3G/4G+.\nПроверьте уровень сигнала выбранной сети. Если уровень сигнала одной сети стабильнее, чем другой, в настройках устройства измените приоритет сети.\nДля 4G-модема:\nЕсли уровень сигнала 3G стабильнее, чем LTE, то в настройках приложения выберите «3G»:\nОтключитесь от сети Интернет.\nВыберите меню «Настройки».\nВ поле «Режим» выберите «Только 3G» вместо «Только LTE». Если в настройках выбран смешанный режим, переключите на режим «Только 3G».\nДля 3G-модема:\nОтключитесь от сети Интернет.\nВыберите меню «Настройки».\nВ поле «Режим» выберите «Только 2G» вместо «Только 3G». Если в настройках выбран смешанный режим, переключите на режим «Только 2G».\nВ смартфонах, планшетах:\nЗайдите в настройки:\niOS: Настройки → Сотовая связь → Сотовая сеть передачи данных.\nAndroid: Настройки → Беспроводные сети → Мобильная сеть → Точки доступа (APN).\nWindows Phone: Настройки → Передача данных → Добавить точку интернет-доступа.\nВыберите «Только 3G» вместо «Только LTE». Если в настройках выбран смешанный режим, переключите на режим «Только 3G».\nВозможно, ваше устройство или SIM-карта не поддерживают технологию 4G+, обеспечивающую высокоскоростной доступ в интернет.\nЧтобы узнать, какой тип покрытия и какая скорость интернета действует в вашем населённом пункте, посмотрите карту покрытия.\nПодробная информация размещена в разделе Интернет 4G+.\nСкорость передачи данных зависит от характеристик устройства, особенностей рельефа местности, материала стен здания, погодных условий и загруженности сети.\nПроверьте скорость доступа в интернет с помощью приложения Моя сеть, которое доступно клиентам МегаФона, использующим устройства с ОС Android, в приложении Play Маркет.","Что делать, если скорость интернет-соединения снизилась?"
"Для проверки остатка интернет-трафика, включённого в пакет услуг или по подключённым интернет-опциям, откройте приложение МегаФон или зайдите в Личный кабинет.","Как быстро узнать остаток интернет-трафика?"
"4G+ (или LTE) — это мобильный интернет со скоростью, не уступающей обычному проводному интернету. Страницы в браузере, файлы, музыка, видео, игры и приложения загружаются за считанные секунды.\nЧтобы начать пользоваться 4G+ вам необходимы смартфон и SIM-карта, которые поддерживают эту технологию.\nНаберите команду *507#, чтобы узнать, поддерживает ли ваша SIM-карта 4G+. Если нет — вы можете поменять её бесплатно в любом салоне МегаФона на USIM.\nПосле того, как вы вставите новую USIM в смартфон, выберите в настройках тип сети LTE.\nА если у вас смартфон с поддержкой двух SIM-карт, то USIM необходимо установить в 1-й слот.\nКогда вы подключаетесь к сети, устройство самостоятельно выбирает лучшую сеть с точки зрения качества сигнала. Для обеспечения максимальной скорости соединения подходит сеть с более уверенным приёмом. Не нужно переключать режим вручную и выполнять какие-либо другие действия. Устройство меняет сети автоматически, без обрыва соединения.","Что такое 4G+, как начать пользоваться и как происходит переход из сети 2G/3G в 4G+?"
"Зоны, где есть интернет 4G+, отмечены на карте покрытия сети «МегаФон». Если ваше устройство находится в сети 4G, на экране отобразится значок «4G» или «LTE».","Где работает интернет 4G+? Как узнать, что телефон находится в сети 4G+?"
"В первую очередь в зону покрытия 4G+ попадают региональные центры и крупные города. Модули 4G+ появляются, прежде всего, в наиболее оживлённых районах города, преимущественно в центре. Если в вашем городе уже есть 4G, то можете ожидать появления 4G+ в ближайшем будущем.\nПосмотреть карту покрытия вашего города, а также проверить скорость интернета, можно в приложении Моя сеть, которое доступно клиентам МегаФона, использующим устройства с ОС Android, в приложении Play Маркет.","Когда 4G+ появится в моём городе?"
"Установите в модем SIM-карту.\nВключите компьютер, дождитесь полной загрузки и через USB-порт подключите модем.\nПри первом подключении операционная система автоматически установит необходимое программное обеспечение, с помощью которого вы будете выходить в интернет и отслеживать статистику соединений — длительность подключения и объём переданных данных.\nИнструкции и последние версии программного обеспечения можно бесплатно скачать в интернет-магазине МегаФона. Найдите свой модем или роутер в каталоге и выберите вкладку «Файлы».","Как подключить USB-модем?"
"Чтобы улучшить сигнал, используйте USB-удлинитель и разместите модем как можно ближе к окну. Для усиления сигнала вы также можете использовать антенное оборудование, представленное в нашем интернет-магазине.\nДополнительно попробуйте зарегистрировать модем в сетях 2G. Скорость подключения будет ниже, но доступ в интернет — стабильнее. Для этого:\nОткройте программу MegaFon Internet.\nОтключитесь от сети Интернет.\nОткройте «Настройки».\nВ поле «Режим» выберите «Только 2G» вместо «Только 3G».\nБолее подробную информацию о работе модема или роутера в сетях 3G и 4G+ смотрите в инструкции к устройству. Там же будут указаны значения индикаторов и способы устранения возможных неполадок.\nЧтобы получить консультацию специалиста и проверить работоспособность устройства, обратитесь в салон МегаФона с модемом и документами к нему.","Что делать, если модем работает какое-то время, затем произвольно отключается?"
"Зайдите в интернет-магазин МегаФона. В описании устройств представлены подробные технические характеристики, инструкции по настройке и эксплуатации, а также файлы для обновления программного обеспечения.\nРегулярное обновление программного обеспечения ― залог бесперебойной работы и способ повысить производительность мобильного устройства. В последних версиях ПО добавляются новые функции, улучшается стабильность соединения, повышается скорость передачи данных и устраняются неполадки.","Где можно найти информацию о фирменных устройствах МегаФона, а также скачать инструкции и драйверы для них?"
"Откройте страницу входа Личного кабинета, введите свой номер телефона, пароль и нажмите кнопку «Войти». Номер можно набирать в любом формате — начиная с «8», «+7» или «92Х YYY-YY-YY». Чтобы получить пароль, наберите на телефоне команду *105*00# или отправьте бесплатное SMS с цифрами 00 на номер 000105. Пароль придёт по SMS.\nЕсли планшет, модем или роутер не принимают SMS, получить пароль можно переставив SIM-карту в телефон. Рекомендуем сменить пароль в Личном кабинете в разделе Настройки входа. Для получения пароля в мобильном приложении «МегаФон» Личный кабинет вы можете нажать на кнопку «Получить пароль по SMS».","Как войти в Личный кабинет?"
"Зайдите в Личный кабинет, выберите Настройки входа. Введите текущий пароль в поле «Старый пароль», введите новый пароль и нажмите «Сменить пароль».\nДля получения нового пароля наберите USSD-команду *105*00# или отправьте бесплатное SMS с цифрами 00 на номер 000105. Вы получите SMS с новым паролем.","Как сменить пароль?"
"Вы можете включить автовход в разделе Настройки входа, чтобы не вводить логин и пароль каждый раз. Автовход работает на смартфоне, планшете или компьютере с SIM-картой МегаФона или на устройстве, подключённом к интернету через модем или роутер МегаФона.\nЕсли входить в Личный кабинет с компьютера, подключённого к интернету не через сеть МегаФона, номер телефона и пароль нужно вводить при каждом входе.\nВнимание!\nЕсли вы активировали автовход в Личный кабинет, то при раздаче Wi-Fi с вашего устройства, другие пользователи смогут зайти в ваш Личный кабинет без пароля.","Как настроить Личный кабинет, чтобы не вводить номер телефона и пароль каждый раз при входе?"
"В разделе Настройки входа вы можете включить SMS-уведомление о входе в Личный кабинет. Каждый раз, когда под вашим номером и паролем кто-то зайдёт в Личный кабинет, придёт уведомление по SMS.","Как я могу узнать, что кто-то вошёл в мой Личный кабинет?"
"Личный кабинет — это бесплатный сервис для всех абонентов МегаФона. При использовании Личного кабинета трафик бесплатный, интернет на вашем тарифе или интернет-опции не расходуется дома и в поездках по России за исключением Республики Крым и г. Севастополь. В поездках по миру трафик в приложении оплачивается по роуминговому тарифу, поэтому рекомендуем для экономии пользоваться Личным кабинетом по Wi-Fi.","Личный кабинет — это платный сервис?"
"На главной странице Личного кабинета вы можете пополнить свой счёт, а также счёт другого абонента Мегафона банковской картой или единой картой оплаты. Чтобы не беспокоится о состоянии счёта, настройте Автоплатёж. А если нет возможности оплатить прямо сейчас, воспользуйтесь услугой Обещанный платёж.\nДля просмотра истории пополнения счёта на главном экране выберите раздел Расходы, пополнения и детализация.","Как пополнить счёт?"
"Нажмите кнопку Настройки выберите вкладку Журнал операций. На странице отобразятся все основные действия по вашему номеру, выполненные в Личном кабинете или другими способами, например, с помощью USSD-команд.","Как посмотреть историю операций в Личном кабинете?"
"Изменив личные данные в настройках Личного кабинета, невозможно переоформить номер на другого человека. Для переоформления обратитесь в ближайший салон МегаФона вместе с человеком, на которого хотите переоформить номер, и заполните заявление.","Можно ли в Личном кабинете переоформить номер на другого человека?"
"Воспользуйтесь любым удобным способом:\nДля телефона или смартфона:\nЗайдите в Личный кабинет. Баланс будет виден на главной странице.\nНаберите бесплатную команду *100#. Баланс отобразится на экране.\nПозвоните на бесплатный номер 0501, и автоинформатор сообщит вам баланс.\nОтправьте SMS с любым текстом, в том числе пустое, на номер 000100. Информация о балансе придёт в SMS. Исходящие SMS в Домашнем регионе бесплатны, в роуминге оплачиваются как исходящие SMS в регионе/стране пребывания.\nЧтобы сумма на счёте всегда отображалась на экране телефона, подключите услугу Живой баланс.\nЧтобы узнавать баланс других абонентов МегаФона (родственников или друзей), подключите услугу Баланс близких.\nДля планшета или компьютера через USB-модем с SIM-картой МегаФона:\nЗайдите в Личный кабинет. Баланс будет виден на главной странице.\nВойдите в интернет, подключившись через мобильный интернет МегаФона, и зайдите на сайт megafon.ru. Ваш баланс отобразится на главной странице в блоке «Личный кабинет», а на остальных страницах сайта — в верхней части экрана.","Как узнать баланс?"
"Возможно, сервис перегружен. Попробуйте повторить запрос через одну-две минуты или воспользуйтесь другим способом проверки баланса.","Я набираю команду для запроса баланса, а баланс не отображается. Почему?"
"Выберите любой удобный способ:\nПополните счёт с банковской карты или электронного кошелька в разделе ​Оплата.\nНастройте ​Автоплатёж самостоятельно в Личном кабинете на сайте или обратитесь за помощью к специалисту в ​салоне МегаФона. С этой услугой баланс будет пополняться автоматически с вашей банковской карты, когда сумма на счёте снизится до установленного порога. Например, можно установить автоплатёж на 200 ₽, когда на счёте остаётся меньше 50 ₽.\nПереведите деньги с банковской карты или активируйте ​Единую карту оплаты МегаФона в Личном кабинете.\nАктивируйте скидку на счёт за баллы ​МегаФон-Бонус.\nСкидка — виртуальная сумма на балансе, которую можно тратить на услуги связи. Активировать бонусы можно не только на свой номер, но и на номер другого абонента МегаФона. Для того, чтобы проверить свой бонусный баланс и активировать баллы, зайдите в ​Личный кабинет и нажмите на кнопку «​Потратить бонусы».\nАктивировать бонусы можно только при положительном балансе.\nДругой абонент МегаФона может перевести вам деньги со своего счёта с помощью услуги ​Мобильный перевод. Для этого ему нужно набрать команду *133*сумма перевода*номер абонента# . Номер получателя можно набирать в любом формате — начиная с «+7», «8» или без префикса (например, 9YYXXXXXXX). Размер комиссии за перевод указывается при каждом платеже.\nПополните счёт наличными без комиссии в любом ​салоне МегаФона. Чтобы узнать адрес ближайшего салона, наберите бесплатную команду *123#\nПлатежи без комиссии также принимают в салонах «Евросеть», «Связной».\nВоспользуйтесь платёжными терминалами (QIWI, «Элекснет» и др.). Размер комиссии отображается на экране терминала перед подтверждением платежа.\nЕсли вы клиент Сбербанка и ваша банковская карта привязана к номеру телефона, укажите нужную сумму в SMS и отправьте на номер 900 или воспользуйтесь приложением «Сбербанк-Онлайн».","Как пополнить счёт?"
"Чтобы позвонить при недостаточном балансе, воспользуйтесь услугой Звонок за счёт друга, и ваш собеседник оплатит разговор.\nНаберите «000» и номер абонента, начиная с «8» или «7», например: 000792ХXXXXXXX.\nУслуга действует только для звонков на номера МегаФона.\nЧтобы зачислить на счёт условную сумму в любое удобное время и продолжать пользоваться услугами мобильной связи, активируйте Обещанный платёж, набрав команду *106#. Услуга платная.\nВоспользуйтесь услугой Позвони мне, и ваш собеседник получит SMS с просьбой перезвонить вам.\nНаберите *144*номер абонента, которому адресована просьба#.\nНомер абонента можно набирать в любом формате, например:\n*144*792XXXXXXXХ#. Услуга предоставляется бесплатно.\nВоспользуйтесь услугой Заплати за меня, и ваш собеседник получит SMS с просьбой пополнить ваш счёт.\nНаберите *143*номер абонента, которому адресована просьба#.\nНомер абонента можно набирать в любом формате, например:\n*143*792XXXXXXXХ#","Как оставаться на связи при отрицательном или нулевом балансе?"
"Воспользуйтесь бесплатной услугой Заплати за меня.\nНаберите команду *143*номер абонента, которому адресована просьба#.\nНомер абонента можно набирать в любом формате, например:\n*143*92XXXXXXXХ#\nВы можете отправить:\nне более 5 запросов в сутки;\nне более 30 запросов в календарный месяц.","Как попросить знакомого пополнить мой счёт, если у меня нет денег на звонок или сообщение?"
"Воспользуйтесь любым удобным способом:\nЗакажите детализацию в разделе «Расходы, пополнения и детализация» Личного кабинета и получите полный отчёт о расходах на звонки, сообщения и другие услуги, которыми вы пользовались за выбранный период. Заказать детализацию через Личный кабинет можно за любой период в пределах последних 6 месяцев.\nНаберите бесплатную команду *512#, и вам придёт SMS с информацией о последних расходах — даты и время звонков, сообщений и выходов в интернет.\nОбратите внимание! В роуминге информация о действиях по номеру и балансе может обновляться с задержкой.","Как узнать, за что были списаны деньги со счёта?"
"Деньги зачисляются на счёт в течение 30 минут. Если через полчаса платёж так и не поступил, проверьте, правильно ли указан номер на чеке, и свяжитесь со службой поддержки платёжной системы. Номер телефона указан на чеке.\nЕсли вы ошибочно пополнили счёт другого номера МегаФона, вернуть платёж можно, позвонив по бесплатному номеру ​8—800—550—70—95.\nПереоформить платёж по телефону можно, если:\nоба номера — ваш и тот, который вы ошибочно пополнили, — зарегистрированы в МегаФоне и оформлены на физических лиц;\nв номере допущено не более двух ошибок.\nВ других случаях обратитесь с чеком и паспортом в ближайший ​​​салон МегаФона. Заполните заявление, и платёж будет перечислен на ваш номер, если на другом номере есть достаточная сумма.\nЕсли вы ошибочно пополнили номер другого оператора, обратитесь в пункт оплаты или в офис этого оператора. Чтобы узнать, к какому оператору относится мобильный номер, наберите бесплатную команду *629# или зайдите на страницу Телефонные коды.","Что делать, если платёж на номер не поступил?"
"Если вы ошиблись и случайно пополнили счёт чужого номера МегаФона, позвоните на бесплатный номер ​8—800—550—70—95, и вы сможете переоформить платёж в интерактивном режиме.\nПереоформить платёж по телефону можно, если:\nоба номера — ваш и тот, который вы ошибочно пополнили, — зарегистрированы в МегаФоне и оформлены на физических лиц;\nв номере допущено не более двух ошибок.\nВ остальных случаях обратитесь с чеком и паспортом в ближайший салон МегаФона. Заполните заявление, и платёж будет перечислен на ваш номер при условии, что на этом счёте есть достаточная сумма.\nЕсли вы случайно перечислили на счёт больше, чем планировали, обратитесь в салон МегаФона.\nЕсли вы ошибочно отправили деньги на номер другого оператора, обратитесь в пункт оплаты или в офис этого оператора. Чтобы узнать, к какому оператору относится мобильный номер, наберите бесплатную команду *629# или зайдите на страницу Телефонные коды.","Что делать, если при оплате я неправильно набрал номер или сумму?"
"В Личном кабинете выберите «Расходы, пополнения и детализация». Нажмите кнопку «Заказать детализацию». Укажите период, за который хотите получить отчёт, и адрес электронной почты.\nЗаказать детализацию можно также с мобильного телефона, набрав бесплатную команду *512#. Информация о последних расходах — даты и время звонков, сообщений и выходов в интернет — придёт по SMS.","Как получить разовую детализацию счёта?"
"В Личном кабинете в разделе «Счёт» выберите «Расходы, пополнения и детализация». Далее нажмите на кнопку «Заказать счёт», затем выберите подраздел — «За один месяц» или «Ежемесячные отчёты». Выберите формат отчёта (HTML или PDF), введите email и подтвердите отправку счёта.\nВыберите «Ежемесячные отчёты», чтобы раз в месяц получать отчёт о ваших расходах на услуги связи.","Как заказать отчёт за месяц?"
"Подключите услугу Баланс близких, и вы сможете в любой момент проверить баланс родственников и друзей.","Как узнать баланс близкого человека?"
"Это информационные и развлекательные сервисы, объединяющие музыку, видео, картинки, тексты и мобильные приложения разных тематик. Выберите то, что интересно именно вам:\nновости;\nгороскопы;\nанекдоты;\nзнакомства;\nфильмы;\nмузыка.\nС полным каталогом вы можете ознакомиться здесь.\nСоглашаясь с подключением подписки, вы получаете доступ к интересной и актуальной информации, которую будете получать одним из способов:\nв SMS или MMS;\nна Интернет-ресурсах.\nАбонентская плата списывается в соответствии с Условиями предоставления подписки.","Что такое мобильные подписки?"
"В Личном кабинете выберите раздел «Услуги и опции», подраздел «Мои», в котором отобразится список подписок, подключённых на вашем номере.\nЗайдите с мобильного телефона на moy-m-portal.ru, в разделе «Мои подписки» отобразится информация о ваших подписках.","Как узнать, какие подписки у меня подключены?"
"В Личном кабинете в разделе «Услуги и опции», выберите вкладку «Мои», на странице появятся подписки, подключённые на вашем номере. Нажмите кнопку «Отключить» рядом с названием подписки, которую хотите отключить.\nЗайдите с мобильного телефона на moy-m-portal.ru, в разделе «Мои подписки» выберите подписку, которую хотите отключить, нажмите «Далее», затем «Отказаться от подписки».\nОтправьте SMS с текстом «Стоп ХХ» на номер 5151, где XX ― код подписки. Команды и коды SMS для отключения можно узнать здесь.","Как отказаться от подписки?"
"На номере недостаточно денег для звонка. Проверьте баланс и при необходимости пополните его;\nВы находитесь за городом, в районах с плотной застройкой — в зоне неуверенного приёма сигнала. Если проблема со связью возникает регулярно, пожалуйста, отправьте нам сообщение через форму «Напишите нам» или обратитесь в Службу поддержки через Личный кабинет. В сообщении укажите адрес, где возникают неполадки со связью и подробно опишите проблему. На устройстве с ОС Android с помощью приложения Моя Сеть вы можете автоматически отправлять в МегаФон информацию о качестве связи и о проблемах с покрытием;\nНа номере установлена переадресация. Отмените все переадресации в Личном кабинете или наберите команду ##002#\nВ настройках телефона включена функция блокировки звонков (например, блокируются номера, которых нет в списке контактов) или подключена услуга Чёрный список, в которой вы указываете номера, звонки с которых блокируются. Проверьте настройки телефона или ваш «чёрный список»;\nУстановлен запрет исходящих или входящих звонков;\nВозникли неполадки в работе телефона. Перезагрузите его или вставьте SIM-карту в другой телефон;\nЕсли вам не могут дозвониться ни с одного номера или вы не можете позвонить ни на один номер, и при этом SIM-карта не работает в другом телефоне, обратитесь в ближайший салон МегаФона. Мы бесплатно заменим SIM-карту. Для получения информации о ближайшем салоне наберите бесплатную команду *123#\nНа телефоне включён режим фиксированного набора, при котором можно звонить только на те номера, которые внесены в специальный список, сохранённый на SIM-карте. В некоторых телефонах эта функция может называться «Разрешённые номера» и включаться в меню «Настройки вызовов», в некоторых — функция может называться FDN (Fixed Dialing Numbers) и включаться в меню «Безопасность». Для активации режима, изменения его настроек и отключения этой функции на SIM-карте вам понадобится сервисный код PIN2. Подробную информацию об этой функции смотрите в инструкции к мобильному телефону.","Почему я не могу позвонить или мне не могут дозвониться?"
"Чтобы позвонить в другую страну или в другой город, набирайте номер по следующей схеме:\n+ (код страны) (код города) (номер абонента).\nНапример:\nсхема набора московского номера:\n+7 495 XXX XX XX или 8 495 XXXXX XX\nсхема набора номера в Хельсинки (Финляндия):\n+358 9 ХХХ ХХХ","Как позвонить в другой город или страну?"
"МегаФон не записывает звонки абонентов.","Могу ли я прослушать запись своего телефонного разговора?"
"Установить или снять запреты вы можете в меню телефона или с помощью USSD-команд.","Как запретить или разрешить входящие или исходящие звонки?"
"Установить или отменить переадресацию вы можете в меню телефона или в Личном кабинете. Условия и стоимость установки переадресации смотрите на странице услуги.\nВнимание: переадресация не устанавливается на международный номер!","Как установить переадресацию звонков?"
"Возможно, на вашем номере установлены запреты или номер для переадресации введён неправильно.","Почему не работает переадресация?"
"Чтобы узнать, кто вам звонил, пока телефон был выключен, находился вне зоны действия сети или пока вы не могли ответить, подключите услугу Кто звонил+ . Вы получите SMS о пропущенном звонке от имени человека, который пытался вам дозвониться. В SMS будет указано количество и время звонков.\nС услугой Мне звонили S вы получите уведомление в виде пропущенного звонка от человека, который пытался с вами связаться пока вы разговаривали по телефону, телефон был выключен или находился вне зоны действия сети.","Могу ли я узнать, что мне звонили, пока телефон был выключен?"
"Чтобы оградить себя от нежелательных звонков, воспользуйтесь услугой Чёрный список. Абоненты, чьи номера внесены в чёрный список, не смогут до вас дозвониться.","Как установить запрет на входящие звонки с определённого номера?"
"Чтобы звонить анонимно, подключите услугу АнтиАОН. Обращаем ваше внимание, что ваш номер будет по-прежнему отображаться при отправке SMS и MMS.\nАбоненты, у которых подключена услуга СуперАОН, видят все скрытые номера.","Как скрыть свой номер телефона при звонке?"
"Воспользуйтесь услугой Звонок за счёт друга, и ваш собеседник оплатит разговор.\nНаберите «000» и номер абонента начиная с «8» или «7» , например: 0007926XXXXXXX.\nУслуга действует только для звонков абонентам МегаФона.","Как позвонить, если у меня ноль на счёте?"
"Воспользуйтесь услугой Позвони мне, и ваш собеседник получит SMS с просьбой перезвонить вам.\nНаберите *144*номер абонента, которому адресована просьба#.\nНомер абонента можно набирать в любом формате, например: *144*79XXXXXXXXX#.","Как попросить перезвонить при нулевом или отрицательном балансе?"
"Воспользуйтесь любым удобным способом:\nНаберите короткую команду *629#. Введите в любом формате номер, который нужно проверить. Информация о операторе и регионе мобильного номера появится на экране;\nПроверьте номер с помощью услуги Телефонные коды мобильных операторов.","Как узнать оператора и регион мобильного номера?"
"Возможно, на номере установлена переадресация, или вы ввели неверный пароль для запрета звонков.","Почему не устанавливаются запреты звонков?"
"Вам звонит абонент, у которого подключена услуга АнтиАОН. СуперАОН определяет номер вызывающего абонента даже если он скрыт с помощью услуги АнтиАОН.\nВам звонят с городского телефона или по межгороду — номера некоторых АТС определяются не всегда.\nЕсли вы находитесь в роуминге, работа услуги не гарантируется.","Почему не работает АОН?"
"Ваш телефон не поддерживает эти услуги. Подробную информацию смотрите в инструкции к телефону;\nПроверьте, активирована ли нужная услуга. Подробная информация о подключении и использовании услуг — на страницах с их описаниями: Конференц-связь, Ожидание/Удержание вызова;\nВы звоните на сервисные или справочные номера, с которыми эти услуги не работают.","Почему не работают услуги Конференц-связь, Ожидание вызова и Удержание вызова?"
"Единый номер вызова экстренных служб: 112\n1 — пожарная служба;\n2 — полиция;\n3 — скорая медицинская помощь;\n4 — аварийная служба газовой сети.\nТелефоны экстренных служб:\nПожарная охрана — 101;\nПолиция — 102;\nСкорая медицинская помощь — 103;\nСлужба газа — 104.\nЗвонки на номера экстренных служб бесплатны. Позвонить можно если на счёте нет денег, а на номер 112 даже с телефона без SIM-карты.","Как позвонить в экстренную службу?"
"Заблокируйте номер.\nЗаблокируйте номер в Личном кабинете, по телефону Службы поддержки 8-800-550-05-00 или в любом салоне МегаФона.\nБесплатный срок блокировки — 7 дней. Затем начинает списываться абонентская плата. Все услуги связи на номере до подключения блокировки оплачиваются вами. Если ваш телефон украден или потерян, сообщите нам об этом как можно скорее. Это нужно для того, чтобы вор или человек, нашедший ваш телефон, не смог воспользоваться деньгами на вашем счёте.\nПолучите новую SIM-карту со своим прежним номером.\nПосле блокировки потерянной SIM-карты вы можете бесплатно получить новую с прежним номером в любом салоне МегаФона. Если в вашем городе есть заказ SIM-карт через интернет-магазин, мы привезём её вам домой или в офис. Подробнее об услуге — на странице Замена SIM-карты.\nПопробуйте найти телефон.\nОбратитесь в полицию и напишите заявление о краже. Возможно, ваш телефон удастся обнаружить.\nЕсли вы потеряли iPhone или iPad, воспользуйтесь функцией Найти iPhone.\nЕсли вы потеряли телефон c ОС Android, воспользуйтесь функцией поиска устройства.","Что делать, если телефон потерялся или был украден?"
"Узнать о вариантах мошеннических схем и способах противостояния злоумышленникам вы можете в разделе Безопасное общение. Если вы столкнулись с подозрительными и явно мошенническими действиями, сообщите нам об этом.\nОсновные рекомендации:\nНе отвечайте на сомнительные SMS с просьбами пополнить счёт. Перешлите спам-сообщение на бесплатный номер 1911.\nНе переходите по ссылкам из сообщений с незнакомых номеров.\nБудьте внимательны, когда пользуетесь интернетом на планшете или смартфоне. Не реагируйте на рекламные сообщения, баннеры, всплывающие окна. Будьте осторожны при скачивании файлов и приложений ― контент может быть платным. Не переходите по неизвестным ссылкам. Читайте условия предоставления услуг.\nЕсли вы потеряли телефон или SIM-карту, сразу же заблокируйте номер в Личном кабинете, через Службу поддержки по номеру 8-800-550-05-00 или обратитесь в ближайший салон МегаФона.\nЕсли номер привязан к банковской карте, обязательно сообщите в банк.\nКомпания «МегаФон» не может помочь с возвратом денег, перешедших к мошенникам. Если вы столкнулись с мошенничеством, пожалуйста, обратитесь в полицию.","Как обезопасить себя от мошенников?"
"Нестабильный сигнал сети.\nВы находитесь за городом, в районах с плотной застройкой — в зоне неуверенного приёма сигнала. Если проблема со связью возникает регулярно, пожалуйста, отправьте нам сообщение через форму ​​Напишите нам или обратитесь в Службу поддержки через Личный кабинет. В сообщении укажите адрес, где возникают неполадки со связью и подробно опишите проблему. На устройстве с ОС Android с помощью приложения Моя Сеть вы можете автоматически отправлять в МегаФон информацию о качестве связи и о проблемах с покрытием.\nНа вашем счёте недостаточно денег.\nПополните счёт ​любым удобным способом.\nНеверное подключение к сети.\nЗайдите в настройки телефона и выберите сеть MegaFon вручную. Перезагрузите телефон. Если устройство позволяет выбирать стандарт сети (4G/3G/2G), попробуйте переключиться на другой стандарт.\nТелефон или SIM-карта неисправны.\nВставьте SIM-карту в другое устройство и проверьте, будет ли оно подключаться к сети. Если SIM-карта в другом телефоне также не регистрируется в сети, замените SIM-карту.\nВы находитесь за пределами Домашнего региона или в зоне покрытия того оператора, с которым не работает компания «МегаФон».\nЗайдите в настройки вашего устройства и попробуйте выбрать вручную другую сеть.","Почему не ловит сеть?"
"В путешествии по России не нужно подключать роуминг, он активируется автоматически, как только телефон попадает в сеть и если на счёте положительный баланс.\nПри необходимости роуминг можно отключить в Личном кабинете.\nВ поездках по миру, а также в Республике Крым и г. Севастополь ваш телефон работает в сетях других операторов, поэтому необходимо подключить услугу «Международный роуминг».\nУзнайте точную стоимость звонков и интернета в поездках по России и миру, а также выберите опции для экономии в разделе Роуминг.\nЧтобы узнать, подключён ли роуминг на вашем номере:\nвоспользуйтесь Личным кабинетом;\nпозвоните в Службу поддержки по номеру 8 800 550 0500 на территории России или по номеру +7 923 111-05-00 из любой точки мира;\nобратитесь в салон МегаФона с паспортом.","Нужно ли подключать роуминг в поездках по России и миру?"
"На вашем счёте недостаточно денег.\nЧтобы пользоваться услугами связи в поездках по России и миру, поддерживайте положительный баланс счёта. Проверьте баланс и при необходимости пополните его. В некоторых странах для работы услуг связи баланс Лицевого счёта должен быть положительным и достигать определённой величины.\nВаш телефон пытается зарегистрироваться в сети оператора, с которым не работает МегаФон. Попробуйте выбрать другую сеть вручную. Зайдите в настройки телефона и включите поиск доступных сетей.\nТелефон не зарегистрировался в сети.\nВыключите и включите телефон или попробуйте выбрать сеть вручную.","Почему телефон не ловит сеть в роуминге?"
"Стоимость услуг связи в путешествии по России отличается от стоимости в Домашнем регионе.\nНекоторые тарифы линеек «Включайся!» и «Всё включено» действуют дома и в поездках по России, кроме Республики Крым и г. Севастополь. Условия вы можете узнать в описании вашего тарифа.\nПодключить и отключить специальные опции для поездок по стране можно в Личном кабинете. Информацию о стоимости можно узнать в разделе Путешествие по России или набрав команду: *139#","Как узнать стоимость услуг связи в путешествиях по России?"
"В разделе Путешествие по миру в строке поиска введите страну, в которую вы собираетесь.\nНаберите бесплатную команду: *139#\nВ путешествиях по миру звонки оплачиваются с первой секунды.\nПодключить и отключить опции для роуминга можно в Личном кабинете.","Как узнать стоимость услуг связи в поездке по миру?"
"Воспользуйтесь нашими специальными предложениями.\nВыбрать и подключить опции для поездок по России и миру можно в разделе Роуминг, в Личном кабинете или набрав команду: *139#. На дисплее появится меню с информацией о стоимости в роуминге, а также о специальных предложениях и опциях для экономии в роуминге.","Как снизить расходы на связь в путешествиях по России и миру?"
"Мобильный интернет работает в путешествиях как по России, так и по всему миру. Чтобы узнать, доступен ли интернет 4G в выбранном регионе или стране, введите адрес или название страны в строку поиска.","Работает ли в роуминге мобильный интернет?"
"В роуминге не нужно менять настройки мобильного интернета.\nОбратите внимание!\nНекоторые телефоны могут ограничивать передачу данных в роуминге. Зайдите в настройки и проверьте, включён ли мобильный интернет в роуминге.","Нужно ли менять настройки телефона, чтобы выйти в интернет в роуминге?"
"Не хватает денег на счёте. Проверьте баланс и при необходимости пополните его.\nТелефон не находит сеть.\nПопробуйте перезагрузить телефон и выбрать сеть вручную. Зайдите в настройки, найдите пункт «Выбор сети / Оператор», выберите «Вручную» или отмените «Автоматически». Выберите сеть из предложенного списка. Когда телефон подключится к сети, появится доступ в интернет.\nВ настройках телефона отключена передача данных в роуминге.\nЗайдите в настройки и проверьте, включён ли мобильный интернет в роуминге.","Почему в роуминге у меня не работает интернет?"
"Наберите команду *100# или *105*1#. В любой точке мира запрос бесплатный.\nЗайдите в Личный кабинет. Баланс будет отображаться на главной странице.\nВ поездках по России трафик в Личном кабинете бесплатный, кроме Республики Крым и г. Севастополь. В путешествии по миру трафик оплачивается по роуминговым тарифам.\nОбратите внимание: в роуминге состояние баланса может обновляться с задержкой, счёт за услуги в роуминге может поступать частями в течение 30 дней.\nВ ряде стран для работы связи в роуминге баланс должен быть положительным и достигать определённой величины.","Как проверить баланс в роуминге?"
"Во время поездок по России действуют все привычные способы оплаты:\nНаличные платежи в терминалах оплаты и салонах МегаФона\nБанковская карта\nЕдиная карта оплаты\nОбещанный платёж\nВ поездках по миру предлагаем пополнять счёт банковской картой или взять с собой Единую карту оплаты, а также воспользоваться услугой Обещанный платёж.","Как пополнить счёт в роуминге?"
"В путешествиях услуга Плати когда удобно действует так же, как и в Домашнем регионе.","Действует ли в роуминге услуга Плати когда удобно?"
"Если вы находитесь в России, позвоните по бесплатному номеру 88005500500.\nИз любой точки мира позвоните по номеру +7 923 111-05-00. Звонок бесплатный.","Как позвонить из роуминга в Службу поддержки?"
"Для звонка на все номера, в том числе местные, набирайте номер в международном формате:\n+ <код страны><код сети или города><номер телефона>.\nНапример, для номеров МегаФона международный формат выглядит так:\n+<7><926><ХХХХХХХ>","Как правильно набирать номер телефона, когда я звоню из роуминга?"
"Если на вашем номере установлена переадресация по определённому условию (если занят, если не доступен, если не отвечает), то стоимость переадресованных звонков в поездках по России и за рубежом считается по формуле: стоимость входящего + стоимость исходящего звонка по тарифам региона, в котором вы находитесь.\nВ поездках по России и миру рекомендуем устанавливать в настройках телефона безусловную переадресацию (переадресацию всех звонков, а не по какому-то условию). Переадресованные звонки оплачиваются как исходящие.\nСтоимость звонков для регионов России и стран указаны в разделе Роуминг.\nЕсли у вас подключены опции, снижающие стоимость звонков в поездках по России и миру, то они действуют и на переадресацию. Звонки оплачиваются по условиям опции при любом виде переадресации.\n","На моём номере подключена переадресация звонков на другой мобильный номер. Как узнать стоимость переадресованных звонков в путешествиях по России или за рубежом?"
"В роуминге номер не всегда отображается корректно, поэтому при отправке/получении SMS в детализации вместо действительных номеров отправителей и адресатов могут отражаться номера SMS-центров.","Почему в детализации роуминговых звонков и SMS отображается номер SMS-центра?"
"Если вы находитесь близко к границе региона, ваш телефон может подключиться к ближайшей базовой станции соседнего региона. В этом случае точную стоимость звонков, SMS и интернета за пределами Домашнего региона можно посмотреть в описании вашего тарифа.","Как узнать стоимость звонков, если я нахожусь на границе области — например, на даче?"
"Когда вы устанавливаете в смартфон или планшет новую SIM-карту, настройки MMS и мобильного интернета задаются автоматически. Устройство также можно настроить вручную.","Как настроить интернет и MMS на смартфоне и планшете?"
"Узнайте о полезных приложениях МегаФона для Ios, Android и Windows Phone","Есть ли у МегаФона свои приложения?"
"Отключите автообновление приложений в настройках смартфона.","У меня списываются деньги из-за того, что смартфон сам постоянно выходит в интернет, как этого избежать?"
"Скачать инструкции и обновления программного обеспечения вы можете в интернет-магазине МегаФона на странице с описанием своего устройства на вкладке «Файлы».","Где можно найти инструкции и драйверы к фирменным устройствам МегаФона?"
"Аббревиатуру MNP (англ. Mobile Number Рortability) можно перевести как «переносимость мобильных номеров». Этим термином обозначается возможность сохранить мобильный телефонный номер вместе с префиксом при смене оператора связи.\nС 1 декабря 2013 года в России вступил в силу закон о переносе мобильных номеров, который позволяет абоненту перейти к новому оператору, сохранив мобильный номер.","Что такое MNP?"
"Чтобы перейти в «МегаФон» со своим номером, оставьте заявку в ближайшем офисе «МегаФона». Для оформления возьмите с собой паспорт или иной документ, удостоверяющий личность, по которому Вы подключались к сети прежнего сотового оператора.","Как перейти в МегаФон со своим номером?"
"Есть несколько обязательных условий для переноса номера:\nвы — владелец переносимого номера либо являетесь доверенным лицом владельца переносимого номера и имеете при себе нотариально заверенную доверенность;\nпаспортные данные в договоре с мобильным оператором соответствуют текущим паспортным данным;\nна номере на момент переноса нет задолженности;\nномер не заблокирован;\nномер — федеральный, а не городской;\nваш номер ранее не переносился или с момента последнего переноса прошло более 60 дней.\nСменить оператора можно только в границах одного региона. Чтобы узнать, к какому региону привязан ваш номер МегаФона, введите номер телефона в поле «Проверить регион» на странице Перейти в МегаФон со своим номером (MNP).","Есть ли какие-нибудь особые условия, без которых номер не будет перенесён?"
"Средства, имеющиеся на балансе вашего номера у прежнего оператора, переносу не подлежат.","Можно ли перенести средства, имеющиеся на балансе моего номера у прежнего оператора?"
"Сразу после переноса возможно ограничение связи: до 30 минут для исходящих звонков и до 6 часов — для входящих.","Есть ли какие-либо ограничения на пользование мобильной связью сразу после переноса?"
"Выберите подходящий тариф линейки Включайся!. В ней представлены тарифы с безлимитными звонками внутри сети, безлимитным интернетом на мессенджеры и социальные сети, а также тарифы с пакетами интернета на любые сервисы и специальными условиями в поездках по России.\nЕсли вы будете больше общаться с абонентами других операторов или планируете частые поездки по России и за рубеж, выберите подходящий тариф в разделе Все тарифы.","Какой тариф МегаФона лучше выбрать при первом подключении?"
"На специальной странице «Переходите в МегаФон с сохранением номера».","Где я могу узнать больше подробностей о переносе и получить консультацию специалиста?"
"Номер переносится в сеть «МегаФона» в течение 8 календарных дней с момента подписания договора и оплаты услуги.\nПереход производится при условии:\nчто у вас нет задолженности перед прежним оператором;\nномер не заблокирован;\nпри полном совпадении паспортных данных у прежнего оператора.","Когда мой номер будет перенесён в МегаФон?"
"Узнать свой баланс в сети «МегаФон» очень просто:\nНа телефоне:\nЧтобы проверить баланс, наберите короткую команду *100#.\nНа iPad, другом планшете или компьютере с помощью 3G - или 4G+ - модема:\nЗайдите на сайт www.megafon.ru через мобильный интернет от МегаФона, и в верхней части экрана будут показаны номер и баланс.\nКак ещё можно узнать баланс:\nотправить SMS-сообщение с любым текстом на номер 000100;\nпозвонить на номер 0500;\nпосмотреть в Личном кабинете.\nДругие способы для контроля баланса:\nЧтобы сразу получать информацию о зачислении платежей на счёт, подключите услугу SMS-чек.\nЧтобы баланс постоянно отображался на экране телефона, пользуйтесь услугой Живой баланс.\nЧтобы узнавать состояние Лицевого счёта интересующих вас абонентов МегаФона — членов семьи, друзей или знакомых — настройте услугу Баланс близких.","Как я смогу проверять баланс и управлять своими услугами самостоятельно?"
"Сначала устраните причину, по которой вы получили отказ, а потом напишите нам на почту или в мессенджеры (Viber или WhatsApp) по номеру +7 929-388-05-00.\nОтказ по задолженности — пополните счёт на необходимую сумму.\nОтказ по несоответствию паспортных данных — проверьте корректность данных у текущего оператора и попросите внести изменения.\nОтказ по блокировке номера у текущего оператора — разблокируйте свой номер.\nОтказ по срокам (если не прошло 60 дней после последнего переноса) — дождитесь даты, которая указана в SMS об отказе.","Что делать, если вы получили отказ при переносе номера в МегаФон?"
"Возможные причины и способы устранения проблемы:\nВ телефоне не сохранён или неправильно прописан номер SMS-центра.\nПроверьте правильность номера SMS-центра.\nНеправильно набран номер адресата — без «+7» или «8» либо не полностью. Проверьте, правильно ли вы набираете номер, верно ли он сохранён в телефонной книге.\nУстановлен запрет на отправку SMS.\nОтмените все запреты с помощью команды #330*пароль#, затем выключите и снова включите телефон. По умолчанию сетевой пароль — 0000. Если вы меняли пароль — укажите свой, если забыли его, обратитесь к сотруднику для сброса пароля.\nОграничения в телефоне.\nПерезагрузите свой телефон и/или протестируйте SIM-карту в другом телефонном аппарате. Если с другого телефона SMS-сообщения отправляются, проверьте настройки вашего телефона по инструкции к нему.\nЕсли эти рекомендации не помогли, обратитесь к сотруднику для проверки статуса услуги «SMS» на вашем номере.","Почему не отправляются SMS-сообщения?"
"Откройте страницу, введите интересующий номер в строку поиска и нажмите на значок лупы. Отобразится информация о контент-провайдере, номере, типе услуги и стоимости.","Как узнать стоимость отправки SMS на короткий номер?"
"Если вы получили подозрительное сообщение или спам (оповещение о выигрыше, просьба пополнить незнакомый номер телефона), не переходите по ссылкам и не выполняйте никаких инструкций.\nПерешлите полученное сообщение на единый номер принятия претензий 1911 и посетите наш портал по борьбе с мобильным мошенничеством, где вы найдёте информацию о способах защиты своего телефона и счёта.\nНазвание организации-отправителя и контактная информация обычно содержатся в тексте сообщения или на сайте, указанном в SMS. Рекомендуем обратиться непосредственно к отправителю и потребовать исключить ваш номер из SMS-рассылки.\nБесплатная услуга «SMS-контроль» заблокирует рассылку с нежелательных номеров. Просто наберите *903# и отправьте номер нежелательного SMS-отправителя в «чёрный список». Управление списком интуитивно понятное, при необходимости внесённые в него номера легко разблокировать.","Как избавиться от спама и рекламных SMS, если я не хочу их получать?"
"ПАО «МегаФон» не хранит историю SMS и не распечатывает тексты сообщений.","Где и как я могу взять распечатку своей SMS-переписки?"
"Да, будет. Услуга АнтиАОН действует только для звонков. При отправке SMS телефонный номер автоматически передается вместе с сообщением.","Будет ли определяться мой номер при отправке SMS, если у меня подключена услуга «АнтиАОН»?"
"Проверьте корректность настроек в меню вашего аппарата.\nПроверьте активное подключение к интернету.","Что нужно, чтобы отправить MMS"